City_ID,City,Country,Date,Lat,Lng,Max Temp,Humidity,Cloudiness,Wind Speed
0,Egvekinot,RU,2022-03-28 04:43:26,66.3167,-179.1667,-0.99,93,9,4.03
1,Itupiranga,BR,2022-03-28 04:43:26,-5.1347,-49.3267,77.32,99,100,2.48
2,Vilhena,BR,2022-03-28 04:43:27,-12.7406,-60.1458,69.4,97,100,2.04
3,Saskylakh,RU,2022-03-28 04:43:27,71.9167,114.0833,1.29,89,100,9.08
4,Tambacounda,SN,2022-03-28 04:43:28,13.7539,-13.7586,78.42,21,84,8.57
5,Bluff,NZ,2022-03-28 04:43:28,-46.6,168.3333,61.34,80,4,7.34
6,Cabo San Lucas,MX,2022-03-28 04:39:07,22.8909,-109.9124,74.5,48,13,11.59
7,San Cristobal,VE,2022-03-28 04:43:29,7.7669,-72.225,68.18,83,89,2.1
8,Port Alfred,ZA,2022-03-28 04:43:30,-33.5906,26.891,68.5,73,21,8.28
9,Busselton,AU,2022-03-28 04:43:31,-33.65,115.3333,71.06,55,39,15.1
10,Songea,TZ,2022-03-28 04:43:31,-10.6833,35.65,65.55,100,40,0.0
11,Punta Arenas,CL,2022-03-28 04:42:58,-53.15,-70.9167,42.12,75,44,14.25
12,Upernavik,GL,2022-03-28 04:43:32,72.7868,-56.1549,13.48,81,97,8.14
13,Vanimo,PG,2022-03-28 04:43:32,-2.6741,141.3028,81.97,83,100,10.16
14,Bilkha,IN,2022-03-28 04:43:33,21.4333,70.6,96.03,12,3,7.38
15,Karratha,AU,2022-03-28 04:43:33,-20.7377,116.8463,82.98,67,96,19.19
16,Hamilton,US,2022-03-28 04:38:34,39.1834,-84.5333,29.64,64,0,11.5
17,Grindavik,IS,2022-03-28 04:43:34,63.8424,-22.4338,41.47,81,100,24.16
18,Arraial Do Cabo,BR,2022-03-28 04:40:47,-22.9661,-42.0278,75.56,91,70,5.88
19,Ancud,CL,2022-03-28 04:43:34,-41.8697,-73.8203,55.22,82,86,19.42
20,Boyabat,TR,2022-03-28 04:43:35,41.4689,34.7667,40.33,67,6,2.51
21,Ushuaia,AR,2022-03-28 04:43:35,-54.8,-68.3,42.46,75,20,5.75
22,Pocatello,US,2022-03-28 04:42:33,42.8713,-112.4455,60.01,31,0,10.0
23,Mossendjo,CG,2022-03-28 04:43:35,-2.9506,12.7261,69.69,99,97,1.43
24,Puerto Ayora,EC,2022-03-28 04:43:36,-0.7393,-90.3518,78.42,84,75,7.81
25,Aguada De Pasajeros,CU,2022-03-28 04:43:36,22.385,-80.8508,64.31,69,0,6.2
26,Adrar,MR,2022-03-28 04:43:37,20.5022,-10.0711,72.16,16,12,8.79
27,Xai-Xai,MZ,2022-03-28 04:43:37,-25.0519,33.6442,73.85,84,24,7.76
28,Sur,OM,2022-03-28 04:43:38,22.5667,59.5289,87.1,32,0,2.17
29,Guilin,CN,2022-03-28 04:40:40,25.2819,110.2864,68.97,52,35,3.51
30,Rikitea,PF,2022-03-28 04:43:38,-23.1203,-134.9692,79.25,67,79,8.32
31,Tateyama,JP,2022-03-28 04:43:39,34.9833,139.8667,55.38,81,98,12.75
32,Ponta Delgada,PT,2022-03-28 04:43:39,37.7333,-25.6667,59.72,82,75,8.05
33,Hilo,US,2022-03-28 04:41:22,19.7297,-155.09,76.73,71,0,4.61
34,Bathsheba,BB,2022-03-28 04:43:40,13.2167,-59.5167,77.61,73,20,16.11
35,Hovd,MN,2022-03-28 04:43:41,48.0056,91.6419,41.63,20,57,15.73
36,Hobart,AU,2022-03-28 04:43:41,-42.8794,147.3294,69.26,75,40,19.57
37,Shostka,UA,2022-03-28 04:43:41,51.863,33.4698,28.94,42,86,11.5
38,Pangody,RU,2022-03-28 04:43:42,65.85,74.4859,17.29,89,100,17.07
39,Axim,GH,2022-03-28 04:43:42,4.8699,-2.2405,79.84,88,100,6.35
40,Thompson,CA,2022-03-28 04:43:43,55.7435,-97.8558,3.36,39,20,2.3
41,Dikson,RU,2022-03-28 04:43:43,73.5069,80.5464,-10.17,98,45,2.93
42,Arlit,NE,2022-03-28 04:43:43,18.7369,7.3853,69.6,7,0,2.62
43,Ambon,ID,2022-03-28 04:43:44,-3.6954,128.1814,91.54,58,20,8.05
44,Nara,JP,2022-03-28 04:43:44,34.6851,135.8049,58.37,33,100,11.61
45,Bandarbeyla,SO,2022-03-28 04:43:45,9.4942,50.8122,80.69,64,14,15.52
46,Mar Del Plata,AR,2022-03-28 04:43:45,-38.0023,-57.5575,57.87,81,0,3.44
47,Cockburn Town,TC,2022-03-28 04:43:46,21.4612,-71.1419,75.94,67,60,17.98
48,Lebu,CL,2022-03-28 04:43:46,-37.6167,-73.65,51.04,85,3,6.87
49,Saint-Pierre,RE,2022-03-28 04:44:47,-21.3393,55.4781,83.91,72,20,5.75
50,Markapur,IN,2022-03-28 04:44:47,15.7333,79.2833,93.76,34,54,5.84
51,Lasa,IT,2022-03-28 04:44:48,46.6166,10.7002,40.03,60,2,1.61
52,Palmer,US,2022-03-28 04:39:53,42.1584,-72.3287,27.63,50,75,24.16
53,Bredasdorp,ZA,2022-03-28 04:44:48,-34.5322,20.0403,62.53,70,100,2.86
54,Carnarvon,AU,2022-03-28 04:44:49,-24.8667,113.6333,91.47,31,40,21.85
55,Makarov,RU,2022-03-28 04:44:50,48.6333,142.8,28.67,65,94,19.1
56,Salalah,OM,2022-03-28 04:44:05,17.0151,54.0924,86.09,20,2,18.41
57,Mataura,NZ,2022-03-28 04:44:50,-46.1927,168.8643,68.43,61,0,6.55
58,Saint-Philippe,RE,2022-03-28 04:44:50,-21.3585,55.7679,83.79,79,56,7.0
59,Cidreira,BR,2022-03-28 04:44:51,-30.1811,-50.2056,66.47,83,0,7.76
60,Khatanga,RU,2022-03-28 04:44:51,71.9667,102.5,1.0,93,100,12.3
61,Katsuura,JP,2022-03-28 04:44:52,35.1333,140.3,53.46,73,100,15.19
62,Lavrentiya,RU,2022-03-28 04:44:52,65.5833,-171.0,7.41,87,27,5.68
63,Vaini,TO,2022-03-28 04:44:52,-21.2,-175.2,80.76,89,75,5.75
64,Svolvaer,NO,2022-03-28 04:41:02,68.2342,14.5683,27.5,80,40,25.32
65,Hermanus,ZA,2022-03-28 04:44:53,-34.4187,19.2345,64.49,62,61,4.83
66,Gat,IL,2022-03-28 04:44:53,31.61,34.7642,55.4,75,0,5.39
67,Port Hedland,AU,2022-03-28 04:40:14,-20.3167,118.5667,93.25,46,96,4.61
68,Coahuayana,MX,2022-03-28 04:44:54,18.7333,-103.6833,67.71,72,1,3.91
69,Pevek,RU,2022-03-28 04:44:54,69.7008,170.3133,-8.03,93,21,6.15
70,Joshimath,IN,2022-03-28 04:44:55,30.5667,79.5667,70.93,23,2,5.82
71,Pacific Grove,US,2022-03-28 04:44:55,36.6177,-121.9166,56.41,86,78,3.0
72,Tuktoyaktuk,CA,2022-03-28 04:44:56,69.4541,-133.0374,-13.0,77,20,10.36
73,Chuy,UY,2022-03-28 04:44:57,-33.6971,-53.4616,59.99,64,0,5.66
74,Dingle,PH,2022-03-28 04:44:57,10.9995,122.6711,89.17,56,23,15.03
75,Mangrol,IN,2022-03-28 04:44:57,21.1167,70.1167,89.28,35,3,9.71
76,Tonantins,BR,2022-03-28 04:44:58,-2.8731,-67.8022,73.24,100,100,0.56
77,Qaanaaq,GL,2022-03-28 04:44:58,77.484,-69.3632,6.48,95,99,4.79
78,Churapcha,RU,2022-03-28 04:44:58,62.0025,132.4325,26.13,72,69,7.54
79,Huntsville,US,2022-03-28 04:40:00,34.7304,-86.5861,46.2,65,75,1.99
80,Los Llanos De Aridane,ES,2022-03-28 04:44:59,28.6585,-17.9182,60.55,94,75,14.97
81,Necochea,AR,2022-03-28 04:44:59,-38.5473,-58.7368,55.0,67,0,7.29
82,Castro,BR,2022-03-28 04:45:00,-24.7911,-50.0119,60.37,98,3,3.74
83,Torbay,CA,2022-03-28 04:45:00,47.6666,-52.7314,37.27,91,100,17.27
84,Waingapu,ID,2022-03-28 04:45:00,-9.6567,120.2641,85.28,68,91,5.1
85,Georgetown,MY,2022-03-28 04:45:01,5.4112,100.3354,87.73,78,20,8.05
86,Sao Miguel Do Araguaia,BR,2022-03-28 04:44:05,-13.275,-50.1628,73.44,85,88,3.09
87,Cap Malheureux,MU,2022-03-28 04:45:02,-19.9842,57.6142,83.46,72,2,7.0
88,Qeshm,IR,2022-03-28 04:45:02,26.9581,56.2719,75.09,54,0,14.65
89,Hithadhoo,MV,2022-03-28 04:45:03,-0.6,73.0833,81.68,64,2,5.21
90,Nikolskoye,RU,2022-03-28 04:45:04,59.7035,30.7861,24.71,95,100,12.12
91,Jawar,IN,2022-03-28 04:45:05,23.0,76.5,95.43,9,19,11.74
92,Tagcatong,PH,2022-03-28 04:45:06,9.0022,125.2569,83.84,77,85,9.08
93,Talnakh,RU,2022-03-28 04:45:06,69.4865,88.3972,8.76,92,98,5.75
94,Puerto Del Rosario,ES,2022-03-28 04:45:06,28.5004,-13.8627,62.35,77,0,0.0
95,La Ronge,CA,2022-03-28 04:46:07,55.1001,-105.2842,17.85,62,100,8.05
96,Ruhengeri,RW,2022-03-28 04:46:07,-1.4998,29.635,59.72,92,92,0.51
97,Lilongwe,MW,2022-03-28 04:46:07,-13.9669,33.7873,66.83,96,100,3.06
98,Amapa,BR,2022-03-28 04:46:08,1.0,-52.0,70.52,99,91,2.24
99,Korla,CN,2022-03-28 04:46:08,41.7597,86.1469,57.34,18,25,9.15
100,Bridlington,GB,2022-03-28 04:46:09,54.0831,-0.1919,46.15,98,94,3.0
101,Lagoa,PT,2022-03-28 04:46:09,39.05,-27.9833,58.24,84,96,9.48
102,Portland,US,2022-03-28 04:41:40,45.5234,-122.6762,63.18,77,100,6.91
103,Geraldton,AU,2022-03-28 04:46:09,-28.7667,114.6,95.41,29,54,10.36
104,Yellowknife,CA,2022-03-28 04:46:10,62.456,-114.3525,5.56,71,20,6.91
105,Ponta Do Sol,PT,2022-03-28 04:46:10,32.6667,-17.1,61.05,70,100,2.86
106,Ketchikan,US,2022-03-28 04:46:11,55.3422,-131.6461,46.38,61,0,11.5
107,Biloela,AU,2022-03-28 04:46:11,-24.4167,150.5,88.23,31,8,10.85
108,Saint George,US,2022-03-28 04:42:52,37.1041,-113.5841,71.64,13,0,6.91
109,Sitka,US,2022-03-28 04:46:12,57.0531,-135.33,42.69,70,20,4.61
110,Muros,ES,2022-03-28 04:46:13,42.7762,-9.0603,52.84,88,100,5.97
111,Pisco,PE,2022-03-28 04:46:13,-13.7,-76.2167,68.05,77,0,11.5
112,Cape Town,ZA,2022-03-28 04:42:58,-33.9258,18.4232,63.12,78,20,10.36
113,Mkushi,ZM,2022-03-28 04:46:14,-13.6202,29.3939,65.5,96,100,7.09
114,Asfi,MA,2022-03-28 04:46:14,32.2994,-9.2372,63.12,76,93,12.26
115,Elmina,GH,2022-03-28 04:46:15,5.0898,-1.348,80.1,89,93,7.58
116,Jamestown,US,2022-03-28 04:41:59,42.097,-79.2353,19.71,60,75,10.36
117,Vao,NC,2022-03-28 04:46:15,-22.6667,167.4833,77.05,67,14,15.59
118,Kieta,PG,2022-03-28 04:46:16,-6.2167,155.6333,81.86,83,69,7.85
119,Kaeo,NZ,2022-03-28 04:46:16,-35.1,173.7833,71.33,72,4,6.11
120,Kenai,US,2022-03-28 04:41:45,60.5544,-151.2583,36.03,90,100,19.57
121,Tura,IN,2022-03-28 04:44:34,25.5198,90.2201,91.0,28,7,4.45
122,Flin Flon,CA,2022-03-28 04:45:03,54.7682,-101.865,11.16,95,99,6.76
123,Atuona,PF,2022-03-28 04:46:18,-9.8,-139.0333,79.43,77,89,16.58
124,Kuching,MY,2022-03-28 04:46:18,1.55,110.3333,89.82,62,75,5.01
125,Lokhvytsya,UA,2022-03-28 04:46:19,50.3678,33.2602,30.76,45,94,9.4
126,Pangnirtung,CA,2022-03-28 04:46:19,66.1451,-65.7125,13.98,61,79,5.95
127,Riyadh,SA,2022-03-28 04:45:52,24.6877,46.7219,57.34,19,1,10.13
128,Lantawan,PH,2022-03-28 04:46:20,10.6167,123.9833,76.69,69,61,8.3
129,Kapaa,US,2022-03-28 04:46:21,22.0752,-159.319,76.98,75,0,6.91
130,Kununurra,AU,2022-03-28 04:46:21,-15.7667,128.7333,96.78,41,92,8.05
131,Batagay-Alyta,RU,2022-03-28 04:46:22,67.8006,130.4114,12.79,68,79,3.15
132,Quatre Cocos,MU,2022-03-28 04:46:22,-20.2078,57.7625,83.08,63,9,6.6
133,Albany,US,2022-03-28 04:45:07,42.6001,-73.9662,23.41,61,100,1.99
134,Worcester,US,2022-03-28 04:46:06,42.3334,-71.8328,28.51,57,40,19.57
135,Bambous Virieux,MU,2022-03-28 04:46:23,-20.3428,57.7575,83.21,69,40,8.05
136,Mao,ES,2022-03-28 04:46:24,39.8885,4.2658,50.56,100,1,8.05
137,Shingu,JP,2022-03-28 04:46:24,33.7333,135.9833,61.59,56,98,6.13
138,Chapais,CA,2022-03-28 04:47:25,49.7834,-74.8492,-4.22,93,100,9.75
139,Hasaki,JP,2022-03-28 04:47:25,35.7333,140.8333,63.28,50,98,15.68
140,Progreso,MX,2022-03-28 04:47:26,21.2833,-89.6667,73.11,62,0,14.47
141,Tambun,ID,2022-03-28 04:47:26,-6.2641,107.0712,89.49,62,40,3.44
142,Chitapur,IN,2022-03-28 04:47:26,17.1167,77.0833,95.88,22,26,2.62
143,Beni,CD,2022-03-28 04:47:27,0.5,29.4667,63.59,87,66,3.53
144,Bowen,AU,2022-03-28 04:47:27,-20.0167,148.2333,82.8,67,0,10.92
145,Sayla,IN,2022-03-28 04:47:28,22.55,71.4667,93.65,15,5,14.12
146,Agirish,RU,2022-03-28 04:47:28,61.9247,63.0231,25.75,92,100,12.95
147,Verkhnyaya Inta,RU,2022-03-28 04:47:29,65.9811,60.3094,25.97,75,100,16.42
148,Veraval,IN,2022-03-28 04:47:29,20.9,70.3667,90.46,33,4,10.18
149,Lucapa,AO,2022-03-28 04:47:30,-8.4192,20.7447,64.8,98,92,3.47
150,Yeniseysk,RU,2022-03-28 04:47:30,58.4497,92.1703,24.3,83,100,3.29
151,Bubaque,GW,2022-03-28 04:47:31,11.2833,-15.8333,76.01,63,68,11.88
152,Zyryanka,RU,2022-03-28 04:47:32,65.75,150.85,14.77,80,60,3.69
153,Esil,KZ,2022-03-28 04:47:32,51.9556,66.4042,22.73,95,88,14.0
154,Lodja,CD,2022-03-28 04:47:33,-3.4833,23.4333,69.55,100,100,2.66
155,Norman Wells,CA,2022-03-28 04:47:33,65.282,-126.8329,6.84,78,100,2.3
156,Avarua,CK,2022-03-28 04:47:34,-21.2078,-159.775,75.25,94,75,4.61
157,Souillac,MU,2022-03-28 04:47:34,-20.5167,57.5167,82.78,69,40,8.05
158,Tessalit,ML,2022-03-28 04:47:35,20.1986,1.0114,78.15,8,75,11.34
159,Lata,PT,2022-03-28 04:47:35,40.1629,-8.3327,55.08,60,100,9.22
160,Malartic,CA,2022-03-28 04:47:36,48.1335,-78.1328,1.51,80,100,8.01
161,Svetlogorsk,BY,2022-03-28 04:47:36,52.6333,29.7333,33.67,51,98,16.24
162,Anadyr,RU,2022-03-28 04:47:37,64.75,177.4833,-5.01,83,0,8.95
163,Abnub,EG,2022-03-28 04:47:37,27.2696,31.1511,54.34,42,0,10.63
164,Tuatapere,NZ,2022-03-28 04:47:38,-46.1333,167.6833,62.62,81,22,8.79
165,Grand Gaube,MU,2022-03-28 04:47:38,-20.0064,57.6608,83.37,72,2,7.0
166,Clyde River,CA,2022-03-28 04:47:39,70.4692,-68.5914,-7.37,77,100,10.36
167,Vila Velha,BR,2022-03-28 04:47:39,-20.3297,-40.2925,76.95,89,0,5.75
168,Camrose,CA,2022-03-28 04:47:40,53.0168,-112.8353,29.93,81,99,8.32
169,Adeje,ES,2022-03-28 04:47:41,28.1227,-16.726,64.56,76,40,9.22
170,Kruisfontein,ZA,2022-03-28 04:47:41,-34.0033,24.7314,68.13,52,9,8.81
171,Namatanai,PG,2022-03-28 04:47:42,-3.6667,152.4333,83.3,76,72,7.61
172,Luderitz,NA,2022-03-28 04:47:42,-26.6481,15.1594,62.13,73,0,1.7
173,Melfort,CA,2022-03-28 04:47:42,52.8667,-104.6177,19.53,73,90,8.05
174,Portobelo,PA,2022-03-28 04:47:43,9.55,-79.65,76.1,87,58,12.5
175,Boa Vista,BR,2022-03-28 04:47:43,2.8197,-60.6733,80.58,74,75,6.91
176,Taman,RU,2022-03-28 04:47:44,45.2117,36.7161,38.19,48,77,12.84
177,Kamenka,RU,2022-03-28 04:47:44,51.3223,42.7678,22.12,79,100,17.29
178,Santo Antonio Do Taua,BR,2022-03-28 04:47:44,-1.1519,-48.1294,75.15,98,100,2.77
179,Oussouye,SN,2022-03-28 04:47:45,12.485,-16.5469,69.01,71,100,10.96
180,Ribeira Grande,PT,2022-03-28 04:47:45,38.5167,-28.7,59.68,85,99,11.92
181,Husavik,IS,2022-03-28 04:47:46,66.0449,-17.3389,23.68,73,99,7.63
182,Soc Trang,VN,2022-03-28 04:47:46,9.6033,105.98,95.4,40,54,9.15
183,Vila,PT,2022-03-28 04:48:46,42.0304,-8.1588,45.7,75,100,3.76
184,Mount Isa,AU,2022-03-28 04:48:47,-20.7333,139.5,94.77,11,34,14.97
185,Acapulco,MX,2022-03-28 04:48:47,16.8634,-99.8901,75.38,47,100,4.52
186,Batouri,CM,2022-03-28 04:48:48,4.4333,14.3667,65.44,37,34,3.0
187,Pitsunda,GE,2022-03-28 04:48:48,43.1592,40.3378,37.58,59,44,18.23
188,Cam Ranh,VN,2022-03-28 04:48:49,11.9214,109.1591,87.76,70,20,11.5
189,Bagli,IN,2022-03-28 04:48:49,22.65,76.35,96.31,8,16,14.2
190,Mahebourg,MU,2022-03-28 04:48:50,-20.4081,57.7,83.25,69,40,8.05
191,Pavlodar,KZ,2022-03-28 04:48:50,52.3,76.95,28.2,86,100,4.47
192,Yar-Sale,RU,2022-03-28 04:48:51,66.8333,70.8333,17.42,90,100,18.68
193,Bapatla,IN,2022-03-28 04:48:51,15.9,80.4667,90.68,53,40,11.23
194,Qandala,SO,2022-03-28 04:48:52,11.472,49.8728,80.38,49,2,3.62
195,Shenzhen,CN,2022-03-28 04:48:52,22.5455,114.0683,64.22,95,100,5.55
196,Kaitangata,NZ,2022-03-28 04:48:53,-46.2817,169.8464,63.25,75,2,4.38
197,Sumbe,AO,2022-03-28 04:48:53,-11.2061,13.8437,77.88,87,100,4.76
198,Karabanovo,RU,2022-03-28 04:48:53,56.3167,38.7,18.81,87,100,7.52
199,Shelburne,CA,2022-03-28 04:45:03,44.0787,-80.2041,14.45,88,37,13.65
200,Kayerkan,RU,2022-03-28 04:48:54,69.3497,87.7602,7.95,91,98,5.82
201,Saint-Louis,SN,2022-03-28 04:48:55,16.3333,-15.0,68.23,46,90,12.68
202,Obihiro,JP,2022-03-28 04:47:19,42.9172,143.2044,44.01,63,8,19.82
203,Asau,RO,2022-03-28 04:48:55,46.4333,26.4,22.12,56,9,3.8
204,Provideniya,RU,2022-03-28 04:48:56,64.3833,-173.3,21.31,68,0,2.24
205,Coquimbo,CL,2022-03-28 04:48:56,-29.9533,-71.3436,63.19,78,1,2.19
206,Nosy Varika,MG,2022-03-28 04:48:57,-20.5833,48.5333,79.61,79,55,3.87
207,Puro,PH,2022-03-28 04:48:57,12.4841,123.3827,86.67,63,31,12.8
208,Port Elizabeth,ZA,2022-03-28 04:48:58,-33.918,25.5701,63.32,99,0,4.61
209,Kamskiye Polyany,RU,2022-03-28 04:48:59,55.4307,51.4171,20.21,89,98,11.61
210,Mayumba,GA,2022-03-28 04:48:59,-3.432,10.6554,77.16,91,99,6.93
211,Kyabram,AU,2022-03-28 04:49:00,-36.3167,145.05,87.87,26,100,5.14
212,Santiago De Cao,PE,2022-03-28 04:49:00,-7.9589,-79.2392,68.13,83,95,4.61
213,Severo-Kurilsk,RU,2022-03-28 04:49:00,50.6789,156.125,32.7,93,97,25.99
214,Broome,US,2022-03-28 04:49:01,42.2506,-75.833,20.01,66,100,19.57
215,Kundiawa,PG,2022-03-28 04:49:01,-6.0167,144.9667,73.58,79,98,1.57
216,Waddan,LY,2022-03-28 04:49:02,29.1614,16.139,63.0,12,33,9.84
217,Yekaterinovka,RU,2022-03-28 04:49:03,52.0508,44.3451,19.18,89,100,15.14
218,Hanmer Springs,NZ,2022-03-28 04:49:03,-42.5167,172.8167,65.03,63,0,4.23
219,Tiksi,RU,2022-03-28 04:49:04,71.6872,128.8694,3.2,85,100,3.8
220,Wukari,NG,2022-03-28 04:49:04,7.85,9.7833,71.89,18,67,3.15
221,Brigantine,US,2022-03-28 04:49:05,39.4101,-74.3646,32.05,45,0,21.85
222,Qaqortoq,GL,2022-03-28 04:49:05,60.7167,-46.0333,23.14,70,36,6.67
223,Cherskiy,RU,2022-03-28 04:49:06,68.75,161.3,8.22,87,70,5.7
224,Port-Gentil,GA,2022-03-28 04:49:06,-0.7193,8.7815,81.45,83,99,11.16
225,Birjand,IR,2022-03-28 04:49:07,32.8663,59.2211,52.27,13,0,0.0
226,Gemena,CD,2022-03-28 04:49:07,3.25,19.7667,71.98,75,100,2.66
227,Westport,US,2022-03-28 04:45:02,41.1415,-73.3579,32.04,46,100,18.41
228,Jalu,LY,2022-03-28 04:49:08,29.0331,21.5482,56.71,17,2,11.61
229,Butaritari,KI,2022-03-28 04:49:08,3.0707,172.7902,81.66,70,39,9.75
230,Chokurdakh,RU,2022-03-28 04:50:09,70.6333,147.9167,1.99,91,21,5.7
231,Gallup,US,2022-03-28 04:48:09,35.5281,-108.7426,53.02,16,0,6.91
232,Muisne,EC,2022-03-28 04:50:09,0.6,-80.0333,77.29,85,100,3.94
233,Nadym,RU,2022-03-28 04:50:10,65.5333,72.5167,17.73,87,100,20.62
234,Ostrovnoy,RU,2022-03-28 04:50:10,68.0531,39.5131,20.97,67,100,10.09
235,Nauta,PE,2022-03-28 04:50:11,-4.5061,-73.5757,70.86,99,100,1.36
236,Kenora,CA,2022-03-28 04:50:11,49.8167,-94.4337,14.97,34,0,5.75
237,Half Moon Bay,US,2022-03-28 04:50:12,37.4636,-122.4286,56.1,89,100,19.57
238,Fairbanks,US,2022-03-28 04:48:05,64.8378,-147.7164,37.36,50,0,5.75
239,Tucurui,BR,2022-03-28 04:50:13,-3.7661,-49.6725,73.94,99,100,2.8
240,Banda Aceh,ID,2022-03-28 04:50:13,5.5577,95.3222,85.87,66,70,6.49
241,Sehwan,PK,2022-03-28 04:50:13,26.4279,67.863,99.16,10,0,8.12
242,Kitui,KE,2022-03-28 04:50:14,-1.367,38.0106,68.16,78,58,5.01
243,Sisimiut,GL,2022-03-28 04:50:15,66.9395,-53.6735,23.76,62,96,11.95
244,Saldanha,ZA,2022-03-28 04:50:15,-33.0117,17.9442,59.05,82,36,7.85
245,Batticaloa,LK,2022-03-28 04:50:16,7.7102,81.6924,85.03,68,2,5.93
246,Kashi,CN,2022-03-28 04:50:16,39.4547,75.9797,59.65,16,96,3.47
247,San Pablo Jocopilas,GT,2022-03-28 04:50:17,14.5833,-91.45,76.03,84,97,2.21
248,Toamasina,MG,2022-03-28 04:50:18,-18.1667,49.3833,78.8,89,20,4.61
249,Skibbereen,IE,2022-03-28 04:50:18,51.55,-9.2667,41.11,94,1,8.97
250,Haines Junction,CA,2022-03-28 04:50:18,60.7522,-137.5108,30.15,55,82,5.75
251,Laguna,US,2022-03-28 04:50:19,38.421,-121.4238,61.02,65,40,8.05
252,Nuevo Progreso,MX,2022-03-28 04:50:19,23.1667,-97.95,63.54,69,0,5.28
253,Almaznyy,RU,2022-03-28 04:50:20,48.0448,40.045,27.55,55,60,18.25
254,Patnos,TR,2022-03-28 04:50:20,39.2336,42.8634,22.42,87,68,1.77
255,Cerrito,CO,2022-03-28 04:50:21,6.8432,-72.694,51.24,91,85,6.35
256,Ballina,AU,2022-03-28 04:50:21,-28.8667,153.5667,71.56,96,100,11.5
257,Crotone,IT,2022-03-28 04:50:22,39.0851,17.1178,54.19,82,100,9.01
258,Barrow,US,2022-03-28 04:50:02,71.2906,-156.7887,1.42,71,75,18.41
259,Magadan,RU,2022-03-28 04:50:22,59.5667,150.8,24.53,60,100,11.56
260,Port Lincoln,AU,2022-03-28 04:50:23,-34.7333,135.8667,71.2,61,1,12.26
261,Hualmay,PE,2022-03-28 04:50:23,-11.0964,-77.6139,70.41,84,78,8.37
262,Meadow Lake,US,2022-03-28 04:50:23,34.8014,-106.5436,67.21,14,52,9.66
263,Hopelchen,MX,2022-03-28 04:50:24,19.7667,-89.85,69.19,69,6,5.03
264,Dedenevo,RU,2022-03-28 04:50:26,56.25,37.5167,19.89,84,96,9.98
265,Bronnoysund,NO,2022-03-28 04:50:26,65.4625,12.1997,39.2,87,75,11.99
266,Brewster,US,2022-03-28 04:50:27,41.3973,-73.6171,29.19,59,38,1.99
267,Zolochiv,UA,2022-03-28 04:50:27,49.806,24.8944,34.14,56,24,7.31
268,Fort Nelson,CA,2022-03-28 04:50:28,58.8053,-122.7002,27.99,69,75,6.91
269,Pedra Branca,BR,2022-03-28 04:50:28,-5.4542,-39.7172,69.22,98,100,1.45
270,Airai,TL,2022-03-28 04:50:29,-8.9266,125.4092,70.84,72,95,1.43
271,Yakeshi,CN,2022-03-28 04:50:29,49.2833,120.7333,32.76,64,31,9.1
272,Victoria,HK,2022-03-28 04:47:08,22.2855,114.1577,65.95,89,100,5.99
273,Beoumi,CI,2022-03-28 04:50:30,7.6736,-5.5764,76.66,83,93,6.11
274,Rudbar,AF,2022-03-28 04:50:30,30.15,62.6,77.22,10,0,4.59
275,Itarema,BR,2022-03-28 04:50:31,-2.9248,-39.9167,76.46,90,98,7.27
276,Miraflores,MX,2022-03-28 04:51:32,19.2167,-98.8083,65.03,23,35,3.65
277,Kavieng,PG,2022-03-28 04:51:32,-2.5744,150.7967,84.36,70,35,9.82
278,Teknaf,BD,2022-03-28 04:51:32,20.8624,92.3058,85.95,64,49,6.87
279,Longyearbyen,SJ,2022-03-28 04:51:33,78.2186,15.6401,4.84,78,20,9.22
280,Pingliang,CN,2022-03-28 04:51:33,35.5392,106.6861,57.27,46,63,13.44
281,Henties Bay,NA,2022-03-28 04:51:34,-22.116,14.2845,63.81,88,44,3.91
282,East London,ZA,2022-03-28 04:51:34,-33.0153,27.9116,67.14,88,0,5.75
283,Filadelfia,US,2022-03-28 04:47:51,39.9523,-75.1638,30.45,37,0,13.8
284,Aklavik,CA,2022-03-28 04:51:35,68.2191,-135.0107,-11.72,100,100,3.85
285,Yulara,AU,2022-03-28 04:51:35,-25.2406,130.9889,94.84,8,94,9.22
286,Alice Springs,AU,2022-03-28 04:51:36,-23.7,133.8833,89.15,12,3,11.5
287,Lang Son,VN,2022-03-28 04:51:37,21.8333,106.7333,72.55,53,46,5.77
288,Toronto,CA,2022-03-28 04:51:37,43.7001,-79.4163,18.79,63,0,19.57
289,Las Colinas,PA,2022-03-28 04:51:37,8.55,-80.0833,75.76,86,100,9.86
290,Winchester,GB,2022-03-28 04:51:38,51.0651,-1.3187,41.45,81,5,6.06
291,Bure,ET,2022-03-28 04:51:39,10.7,37.0667,66.85,31,1,3.36
292,Sosnovo-Ozerskoye,RU,2022-03-28 04:51:39,52.5249,111.5418,19.62,50,30,18.45
293,Kingisepp,RU,2022-03-28 04:51:40,59.3733,28.6134,37.63,92,100,13.09
294,Nyurba,RU,2022-03-28 04:51:40,63.2842,118.3319,24.13,80,100,7.36
295,Tautira,PF,2022-03-28 04:51:41,-17.7333,-149.15,81.81,75,73,13.65
296,Dongli,CN,2022-03-28 04:51:41,23.5656,116.8194,59.31,77,100,4.94
297,Mount Gambier,AU,2022-03-28 04:51:42,-37.8333,140.7667,71.51,53,100,12.66
298,Kungurtug,RU,2022-03-28 04:51:42,50.5994,97.5228,29.73,75,100,1.83
299,Touros,BR,2022-03-28 04:51:43,-5.1989,-35.4608,78.4,87,86,9.51
300,Sorland,NO,2022-03-28 04:51:43,67.667,12.6934,32.88,63,100,40.15
301,Te Anau,NZ,2022-03-28 04:51:44,-45.4167,167.7167,72.99,49,11,2.48
302,Fortuna,US,2022-03-28 04:51:44,40.5982,-124.1573,52.93,88,100,8.05
303,Hofn,IS,2022-03-28 04:51:45,64.2539,-15.2082,32.05,78,100,6.76
304,Ngunguru,NZ,2022-03-28 04:50:11,-35.6167,174.5,65.91,67,11,7.11
305,New Norfolk,AU,2022-03-28 04:51:46,-42.7826,147.0587,68.9,53,88,1.99
306,Mecca,SA,2022-03-28 04:51:46,21.4267,39.8261,77.29,34,0,4.18
307,Mantiquil,PH,2022-03-28 04:51:47,9.1667,123.05,80.8,70,80,8.03
308,Taltal,CL,2022-03-28 04:51:47,-25.4,-70.4833,64.94,79,2,3.0
309,Sao Joao Da Barra,BR,2022-03-28 04:51:48,-21.6403,-41.0511,76.55,92,8,3.87
310,Oriximina,BR,2022-03-28 04:51:48,-1.7656,-55.8661,73.9,96,99,1.63
311,Sulangan,PH,2022-03-28 04:51:49,11.1373,123.7228,83.55,73,83,10.51
312,Gabu,GW,2022-03-28 04:51:50,12.2833,-14.2167,71.1,50,57,3.96
313,Narsaq,GL,2022-03-28 04:51:50,60.9167,-46.05,21.22,69,19,7.36
314,Meulaboh,ID,2022-03-28 04:51:50,4.1363,96.1285,84.9,63,94,3.47
315,Arona,ES,2022-03-28 04:51:51,28.0996,-16.681,60.39,77,40,9.22
316,Nouakchott,MR,2022-03-28 04:51:51,18.0858,-15.9785,62.53,85,100,12.39
317,Beloha,MG,2022-03-28 04:51:52,-25.1667,45.05,74.55,78,100,14.99
318,Praia Da Vitoria,PT,2022-03-28 04:51:52,38.7333,-27.0667,59.25,94,75,8.7
319,Rondonopolis,BR,2022-03-28 04:51:53,-16.4708,-54.6356,72.99,90,43,1.3
320,Kuito,AO,2022-03-28 04:51:53,-12.3833,16.9333,60.26,96,100,2.64
321,Chynov,CZ,2022-03-28 04:51:53,49.4068,14.8112,38.88,87,0,2.55
322,Bereda,ES,2022-03-28 04:51:54,43.2686,-7.5406,46.58,79,100,1.28
323,Gazanjyk,TM,2022-03-28 04:52:54,39.2446,55.5154,56.53,41,0,12.39
324,Leningradskiy,RU,2022-03-28 04:52:55,69.3833,178.4167,-3.5,92,40,1.97
325,Inirida,CO,2022-03-28 04:52:55,3.8653,-67.9239,72.61,99,93,2.42
326,Colesberg,ZA,2022-03-28 04:52:56,-30.72,25.0972,61.59,45,11,5.28
327,Verkhnyaya Sinyachikha,RU,2022-03-28 04:52:56,57.976,61.6673,30.6,86,100,10.0
328,Ust-Nera,RU,2022-03-28 04:52:56,64.5667,143.2,8.19,80,66,1.66
329,Oktyabrskiy,RU,2022-03-28 04:52:57,54.4815,53.471,24.94,91,99,10.33
330,Kulhudhuffushi,MV,2022-03-28 04:52:58,6.6221,73.07,82.6,69,18,4.41
331,Bitung,ID,2022-03-28 04:50:14,1.4451,125.1824,92.25,70,97,4.34
332,Tasiilaq,GL,2022-03-28 04:52:58,65.6145,-37.6368,20.17,80,100,10.11
333,Esperance,AU,2022-03-28 04:52:59,-33.8667,121.9,69.64,60,82,12.88
334,Khandbari,NP,2022-03-28 04:52:59,27.3747,87.2039,82.26,16,13,5.17
335,Syumsi,RU,2022-03-28 04:52:59,57.1111,51.6149,19.56,81,100,9.84
336,Warrington,GB,2022-03-28 04:48:51,53.3925,-2.5802,52.45,85,75,3.44
337,Alugan,PH,2022-03-28 04:53:00,12.2188,125.4808,81.3,85,59,12.37
338,De Aar,ZA,2022-03-28 04:52:40,-30.6497,24.0123,64.36,46,36,7.54
339,Port Macquarie,AU,2022-03-28 04:48:51,-31.4333,152.9167,70.12,91,100,9.51
340,Mantua,IT,2022-03-28 04:53:00,45.1667,10.7833,43.84,60,1,2.8
341,Florida,US,2022-03-28 04:53:01,28.7505,-82.5001,61.86,89,0,0.0
342,Vestmanna,FO,2022-03-28 04:53:01,62.1564,-7.1664,36.52,81,75,10.36
343,Byron Bay,AU,2022-03-28 04:53:02,-28.65,153.6167,71.49,96,100,9.15
344,Hyderabad,IN,2022-03-28 04:48:42,17.3753,78.4744,93.61,46,42,4.61
345,Komsomolskiy,UZ,2022-03-28 04:53:02,40.4272,71.7189,56.12,41,4,2.3
346,Halifax,CA,2022-03-28 04:49:57,44.6453,-63.5724,37.4,94,20,12.66
347,Taoudenni,ML,2022-03-28 04:53:03,22.6783,-3.9836,82.53,35,13,8.12
348,Leeuwarden,NL,2022-03-28 04:53:03,53.2014,5.8086,41.97,96,100,5.75
349,Waiuku,NZ,2022-03-28 04:53:03,-37.25,174.75,74.84,49,8,5.5
350,Constanta,RO,2022-03-28 04:53:04,44.1833,28.65,36.28,59,8,4.09
351,Okhotsk,RU,2022-03-28 04:53:04,59.3833,143.3,24.44,62,0,16.04
352,Orotukan,RU,2022-03-28 04:53:05,62.2667,151.7,7.34,88,98,8.75
353,Antofagasta,CL,2022-03-28 04:53:06,-23.65,-70.4,65.34,77,18,5.12
354,Kaka,TM,2022-03-28 04:53:06,37.3482,59.6143,60.4,35,0,8.79
355,Sangar,RU,2022-03-28 04:53:06,63.9242,127.4739,22.86,79,99,10.42
356,Qingdao,CN,2022-03-28 04:53:07,36.0986,120.3719,47.95,49,25,12.19
357,Villa Carlos Paz,AR,2022-03-28 04:53:07,-31.4241,-64.4978,65.05,28,74,1.01
358,Mayo,US,2022-03-28 04:53:07,38.8876,-76.5119,33.75,51,0,24.0
359,North Platte,US,2022-03-28 04:49:14,41.1239,-100.7654,40.12,47,0,9.22
360,Alofi,NU,2022-03-28 04:50:35,-19.0595,-169.9187,76.89,94,98,10.36
361,Presidencia Roque Saenz Pena,AR,2022-03-28 04:53:08,-26.7852,-60.4388,64.8,69,1,6.29
362,Santa Isabel,BR,2022-03-28 04:53:09,-23.3156,-46.2214,69.1,99,100,2.28
363,Hoi An,VN,2022-03-28 04:53:09,15.8794,108.335,84.16,75,99,16.6
364,Kodiak,US,2022-03-28 04:53:09,57.79,-152.4072,37.35,98,100,22.91
365,Chajul,GT,2022-03-28 04:53:10,15.4853,-91.0342,60.84,94,100,0.83
366,Kodinsk,RU,2022-03-28 04:53:10,58.6881,99.1844,22.41,76,86,9.37
367,Visnes,NO,2022-03-28 04:53:11,59.3556,5.2242,44.98,100,75,16.11
368,Battle Creek,US,2022-03-28 04:51:19,42.3212,-85.1797,19.53,67,0,4.61
369,Seydisehir,TR,2022-03-28 04:53:11,37.4193,31.8453,38.64,59,0,2.93
370,Durango,MX,2022-03-28 04:50:16,24.8333,-104.8333,56.64,31,9,5.59
371,Omboue,GA,2022-03-28 04:54:12,-1.5746,9.2618,76.08,94,100,8.39
372,Gorontalo,ID,2022-03-28 04:54:12,0.5412,123.0595,87.3,61,99,2.64
373,Nedjo,ET,2022-03-28 04:54:13,9.5046,35.5019,68.85,25,22,1.72
374,Roswell,US,2022-03-28 04:53:04,34.0232,-84.3616,51.69,36,0,8.05
375,Maniitsoq,GL,2022-03-28 04:54:13,65.4167,-52.9,24.6,72,93,8.08
376,Mariana,BR,2022-03-28 04:54:13,-20.3778,-43.4161,66.99,96,33,0.25
377,Ginir,ET,2022-03-28 04:54:14,7.1333,40.7,64.04,29,25,2.64
378,Bradford,GB,2022-03-28 04:54:14,53.7939,-1.7521,50.63,66,40,4.61
379,Mirabad,AF,2022-03-28 04:54:15,30.4362,61.8383,73.09,13,0,7.4
380,Hirara,JP,2022-03-28 04:54:15,24.8,125.2833,69.66,88,75,19.57
381,Omsukchan,RU,2022-03-28 04:54:16,62.5333,155.8,3.96,90,100,9.35
382,Abu Zabad,SD,2022-03-28 04:54:16,12.35,29.25,67.48,11,7,13.44
383,Plettenberg Bay,ZA,2022-03-28 04:54:17,-34.0527,23.3716,70.54,49,28,7.47
384,Madimba,TZ,2022-03-28 04:54:17,-10.4,40.3333,78.12,94,40,11.5
385,Poum,NC,2022-03-28 04:54:18,-20.2333,164.0167,81.86,73,32,17.92
386,Chutove,UA,2022-03-28 04:54:18,49.7104,35.1603,30.29,51,85,11.95
387,Xining,CN,2022-03-28 04:54:19,36.6167,101.7667,55.13,14,19,3.6
388,Kutum,SD,2022-03-28 04:54:19,14.2,24.6667,57.24,12,1,12.39
389,Bengkulu,ID,2022-03-28 04:54:20,-3.8004,102.2655,84.7,65,38,9.51
390,Guerrero Negro,MX,2022-03-28 04:54:20,27.9769,-114.0611,60.26,84,62,8.19
391,Ko Samui,TH,2022-03-28 04:54:21,9.5357,99.9357,91.31,66,40,4.61
392,Coihaique,CL,2022-03-28 04:54:22,-45.5752,-72.0662,42.51,100,100,3.49
393,Corn Island,NI,2022-03-28 04:54:22,12.1694,-83.0418,80.26,72,71,15.23
394,Klaksvik,FO,2022-03-28 04:54:23,62.2266,-6.589,38.32,71,100,14.94
395,Atambua,ID,2022-03-28 04:54:23,-9.1061,124.8925,81.07,71,100,3.44
396,Bonthe,SL,2022-03-28 04:54:23,7.5264,-12.505,76.08,87,82,7.87
397,Gushikawa,JP,2022-03-28 04:54:24,26.3544,127.8686,65.43,75,100,16.11
398,Excelsior Springs,US,2022-03-28 04:54:24,39.3392,-94.2261,39.7,65,0,0.0
399,Tual,ID,2022-03-28 04:54:25,-5.6667,132.75,80.4,79,100,12.97
400,Great Yarmouth,GB,2022-03-28 04:54:26,52.6083,1.7305,42.46,96,39,5.3
401,Beringovskiy,RU,2022-03-28 04:54:26,63.05,179.3167,3.29,94,13,5.21
402,Fez,MA,2022-03-28 04:54:27,34.0372,-4.9998,53.85,100,0,8.05
403,Kutahya,TR,2022-03-28 04:54:27,39.4242,29.9833,40.84,66,0,2.39
404,Saint-Augustin,CA,2022-03-28 04:54:28,51.226,-58.6502,32.83,99,100,6.11
405,Erenhot,CN,2022-03-28 04:54:28,43.6475,111.9767,54.32,21,72,23.0
406,Hay River,CA,2022-03-28 04:51:52,60.8156,-115.7999,1.38,85,75,5.75
407,Phangnga,TH,2022-03-28 04:54:29,8.4509,98.5298,87.84,52,18,3.18
408,Nouadhibou,MR,2022-03-28 04:54:30,20.931,-17.0347,64.38,94,75,5.75
409,Raga,SS,2022-03-28 04:54:30,8.4596,25.678,69.57,18,75,3.67
410,Kazachinskoye,RU,2022-03-28 04:54:30,57.6953,93.2761,26.06,77,95,4.59
411,Port Hawkesbury,CA,2022-03-28 04:54:31,45.6169,-61.3485,36.91,97,0,3.44
412,Muzhi,RU,2022-03-28 04:54:31,65.3667,64.6667,23.07,95,100,15.12
413,Hami,CN,2022-03-28 04:54:32,42.8,93.45,55.94,25,81,2.75
414,Morshansk,RU,2022-03-28 04:54:33,53.4435,41.8107,21.2,79,100,13.6
415,Codrington,AU,2022-03-28 04:54:33,-38.2667,141.9667,67.1,64,9,11.12
416,Bhusawal,IN,2022-03-28 04:54:34,21.05,75.7667,99.39,11,35,8.39
417,Shush,IR,2022-03-28 04:54:34,32.1942,48.2436,61.45,27,0,11.88
418,Brockville,CA,2022-03-28 04:55:35,44.5834,-75.6826,16.12,66,100,11.99
419,Resistencia,AR,2022-03-28 04:53:57,-27.4606,-58.9839,66.25,84,0,2.3
420,Iqaluit,CA,2022-03-28 04:55:35,63.7506,-68.5145,10.13,92,75,3.44
421,Wajir,KE,2022-03-28 04:55:36,1.7471,40.0573,80.56,74,20,8.05
422,Mitsamiouli,KM,2022-03-28 04:55:36,-11.3847,43.2844,79.09,78,20,6.91
423,Richards Bay,ZA,2022-03-28 04:55:36,-28.783,32.0377,70.3,91,10,5.97
424,Labuhan,ID,2022-03-28 04:55:37,-6.8844,112.2051,86.76,65,86,4.5
425,Vanavara,RU,2022-03-28 04:55:37,60.34,102.2797,20.52,84,100,8.5
426,Kichera,RU,2022-03-28 04:55:37,55.9375,110.0997,16.23,83,100,7.72
427,Aswan,EG,2022-03-28 04:55:38,24.0934,32.907,60.94,14,41,14.12
428,Doka,SD,2022-03-28 04:55:38,13.5167,35.7667,78.51,38,5,6.04
429,Bushehr,IR,2022-03-28 04:55:38,28.9684,50.8385,64.49,42,0,18.41
430,Shiraz,IR,2022-03-28 04:55:39,29.6036,52.5388,47.64,29,0,0.0
431,Borba,BR,2022-03-28 04:55:39,-4.3878,-59.5939,74.19,99,100,0.11
432,Seoul,KR,2022-03-28 04:55:18,37.5683,126.9778,58.39,16,0,4.61
433,Kahului,US,2022-03-28 04:55:40,20.8947,-156.47,75.97,79,36,5.01
434,Gravdal,NO,2022-03-28 04:55:40,68.1214,13.5031,26.49,74,75,19.57
435,Mikumi,TZ,2022-03-28 04:55:40,-7.4041,36.9831,73.2,89,15,1.21
436,Huntington,US,2022-03-28 04:53:33,38.4193,-82.4452,31.93,70,3,3.58
437,Santo Domingo,DO,2022-03-28 04:55:41,18.5001,-69.9886,74.93,86,96,1.01
438,Mapiri,BO,2022-03-28 04:55:41,-15.25,-68.1667,66.99,98,95,0.74
439,Peniche,PT,2022-03-28 04:55:41,39.3558,-9.3811,60.93,73,100,14.23
440,Envira,BR,2022-03-28 04:55:42,-7.3,-70.2167,70.77,100,98,1.86
441,Bethel,US,2022-03-28 04:55:42,41.3712,-73.414,28.96,55,38,1.01
442,Vardo,NO,2022-03-28 04:55:42,70.3705,31.1107,26.64,60,100,20.69
443,Bonavista,CA,2022-03-28 04:55:43,48.6499,-53.1147,32.36,96,100,24.76
444,Strezhevoy,RU,2022-03-28 04:55:44,60.7333,77.5889,19.15,91,73,10.54
445,Thunder Bay,CA,2022-03-28 04:55:44,48.4001,-89.3168,6.71,51,0,3.44
446,Arman,RU,2022-03-28 04:55:45,59.7,150.1667,25.02,63,100,12.95
447,Santa Barbara,US,2022-03-28 04:52:51,34.7333,-120.0343,49.73,89,100,11.5
448,Kita,ML,2022-03-28 04:55:46,13.0349,-9.4895,85.95,41,89,4.76
449,Hambantota,LK,2022-03-28 04:55:46,6.1241,81.1185,86.34,84,20,3.44
450,Conceicao Do Araguaia,BR,2022-03-28 04:52:11,-8.2578,-49.2647,72.9,94,89,0.02
451,Agadez,NE,2022-03-28 04:55:47,19.75,10.25,65.26,6,0,9.42
452,Flinders,AU,2022-03-28 04:55:47,-34.5833,150.8552,75.18,84,93,5.99
453,Guaraciaba Do Norte,BR,2022-03-28 04:55:48,-4.1669,-40.7475,65.1,97,93,1.48
454,Mogadishu,SO,2022-03-28 04:52:50,2.0371,45.3438,82.27,78,75,12.66
455,Longkou,CN,2022-03-28 04:55:48,37.6508,120.3286,50.58,45,0,9.66
456,Maun,BW,2022-03-28 04:55:49,-19.9833,23.4167,64.36,100,0,9.22
457,Huarmey,PE,2022-03-28 04:55:49,-10.0681,-78.1522,72.07,79,99,6.17
458,Itaituba,BR,2022-03-28 04:55:50,-4.2761,-55.9836,74.41,99,100,0.09
459,Pemangkat,ID,2022-03-28 04:55:50,1.1667,108.9667,85.64,65,17,8.12
460,The Valley,AI,2022-03-28 04:53:13,18.217,-63.0578,78.1,77,54,12.24
461,Samana,DO,2022-03-28 04:55:51,19.2056,-69.3369,73.06,87,31,3.09
462,Nizwa,OM,2022-03-28 04:55:51,22.9333,57.5333,86.72,16,0,3.65
463,Mocuba,MZ,2022-03-28 04:56:52,-16.8392,36.9856,73.08,97,100,4.47
464,Kloulklubed,PW,2022-03-28 04:56:52,7.0419,134.2556,84.7,74,92,17.49
465,Sabya,SA,2022-03-28 04:56:53,17.1495,42.6254,74.82,69,3,2.26
466,Qasigiannguit,GL,2022-03-28 04:56:53,68.8193,-51.1922,21.99,57,59,11.63
467,Ust-Kulom,RU,2022-03-28 04:56:54,61.6864,53.6902,16.61,92,100,9.31
468,Cortez,US,2022-03-28 04:56:54,37.3489,-108.5859,47.7,22,44,3.4
469,Lompoc,US,2022-03-28 04:56:55,34.6391,-120.4579,57.63,73,100,18.41
470,Stephenville,US,2022-03-28 04:56:56,32.2207,-98.2023,72.39,33,0,10.36
471,Lipin Bor,RU,2022-03-28 04:56:57,60.2622,37.9763,13.68,92,92,5.19
472,Marawi,PH,2022-03-28 04:56:57,7.9986,124.2928,76.95,83,57,1.5
473,Tocopilla,CL,2022-03-28 04:56:57,-22.092,-70.1979,67.86,74,13,4.18
474,Suluova,TR,2022-03-28 04:56:58,40.8313,35.6479,31.86,86,20,3.44
475,Ilulissat,GL,2022-03-28 04:56:58,69.2167,-51.1,19.72,59,52,11.14
476,Spornoye,RU,2022-03-28 04:56:58,50.8448,37.2913,25.23,61,52,14.03
477,Ampanihy,MG,2022-03-28 04:56:59,-24.7,44.75,73.54,81,97,14.92
478,Porto Novo,BJ,2022-03-28 04:56:59,6.4965,2.6036,84.02,86,41,5.01
479,Robertsport,LR,2022-03-28 04:56:59,6.7533,-11.3686,78.13,90,65,6.93
480,Nantucket,US,2022-03-28 04:57:00,41.2835,-70.0995,37.15,68,100,25.57
481,Serik,TR,2022-03-28 04:55:18,36.9169,31.0989,43.05,49,0,3.78
482,Teahupoo,PF,2022-03-28 04:57:00,-17.8333,-149.2667,78.53,75,94,14.18
483,Kurchum,KZ,2022-03-28 04:57:01,48.5722,83.6542,33.8,81,97,5.06
484,Kirakira,SB,2022-03-28 04:57:01,-10.4544,161.9205,82.76,80,71,7.27
485,Laem Sing,TH,2022-03-28 04:57:01,12.4816,102.0738,94.41,84,51,6.55
486,Basco,PH,2022-03-28 04:57:02,20.4487,121.9702,79.02,82,61,18.97
487,Hegra,NO,2022-03-28 04:57:02,63.4644,11.114,37.42,81,100,36.82
488,Terrace,CA,2022-03-28 04:57:03,54.5163,-128.6035,44.51,56,20,8.05
489,Biak,ID,2022-03-28 04:57:03,-0.9131,122.8766,83.7,67,100,1.97
490,Floro,NO,2022-03-28 04:57:04,61.5996,5.0328,40.96,70,75,21.85
491,Naze,JP,2022-03-28 04:57:04,28.3667,129.4833,65.32,67,97,10.27
492,Buraydah,SA,2022-03-28 04:57:04,26.326,43.975,54.05,21,0,10.38
493,San Vicente,AR,2022-03-28 04:57:05,-26.6167,-54.1333,56.43,93,0,3.04
494,Ojinaga,MX,2022-03-28 04:57:05,29.5667,-104.4167,76.15,14,0,10.36
495,Barabai,ID,2022-03-28 04:57:06,-2.5833,115.3833,87.49,69,84,2.93
496,Salinopolis,BR,2022-03-28 04:57:06,-0.6136,-47.3561,77.86,87,100,8.59
497,Zhangye,CN,2022-03-28 04:57:06,38.9342,100.4517,53.6,20,95,24.05
498,Aban,RU,2022-03-28 04:57:07,56.67,96.06,23.54,78,98,5.03
499,Carutapera,BR,2022-03-28 04:53:17,-1.195,-46.02,76.8,90,100,6.6
500,Xuddur,SO,2022-03-28 04:57:07,4.1213,43.8894,77.13,54,61,20.07
501,Malbork,PL,2022-03-28 04:57:05,54.0359,19.0266,44.11,89,11,11.88
502,Ahipara,NZ,2022-03-28 04:58:23,-35.1667,173.1667,68.79,62,0,10.47
503,Shepsi,RU,2022-03-28 04:58:23,44.0361,39.1489,37.65,53,51,4.97
504,Barra Patuca,HN,2022-03-28 04:58:24,15.8,-84.2833,75.52,83,60,8.32
505,Dunedin,NZ,2022-03-28 04:58:25,-45.8742,170.5036,61.81,84,0,5.01
506,Nova Russas,BR,2022-03-28 04:55:16,-4.7067,-40.5631,71.22,98,100,0.47
507,Shache,CN,2022-03-28 04:58:26,38.4167,77.2406,61.54,17,4,5.73
508,Santa Luzia,BR,2022-03-28 04:58:26,-19.7697,-43.8514,75.54,64,0,6.91
509,Harper,LR,2022-03-28 04:58:27,4.375,-7.7169,79.59,88,28,5.91
510,Nizhniy Kuranakh,RU,2022-03-28 04:58:27,58.8353,125.4869,28.81,81,100,5.46
511,Yazoo City,US,2022-03-28 04:59:28,32.8551,-90.4056,52.72,75,11,8.32
512,Tilichiki,RU,2022-03-28 04:59:28,60.4667,166.1,14.09,84,100,13.62
513,Pringsewu,ID,2022-03-28 04:59:28,-5.3582,104.9744,89.49,56,72,4.79
514,Ust-Tsilma,RU,2022-03-28 04:59:29,65.441,52.1498,10.33,94,100,7.96
515,Pombas,CV,2022-03-28 04:59:29,17.1503,-25.0201,65.98,76,47,12.17
516,Vegachi,CO,2022-03-28 04:59:29,6.7614,-74.7947,65.05,99,99,2.62
517,Tortoli,IT,2022-03-28 04:59:30,39.9256,9.6572,52.12,77,12,7.34
518,Formosa,AR,2022-03-28 04:56:38,-26.1775,-58.1781,67.98,77,0,5.75
519,Ziway,ET,2022-03-28 04:59:30,7.9333,38.7167,68.2,48,23,15.99
520,Kothi,IN,2022-03-28 04:59:30,24.75,80.7833,96.33,6,0,7.18
521,General Pico,AR,2022-03-28 04:59:31,-35.6566,-63.7568,59.95,65,19,8.81
522,Moron,AR,2022-03-28 04:56:05,-34.6534,-58.6198,68.99,84,0,2.46
523,Cancuc,MX,2022-03-28 04:59:32,16.9167,-92.4833,56.98,97,75,2.75
524,Parbatipur,BD,2022-03-28 04:59:32,25.6649,88.9247,90.34,38,4,11.25
525,Patti,IN,2022-03-28 04:59:32,31.2808,74.8572,84.27,6,0,8.88
526,Svetlyy,RU,2022-03-28 04:59:33,54.675,20.1347,41.05,86,27,19.04
527,Bondowoso,ID,2022-03-28 04:59:33,-7.9135,113.8214,83.75,74,81,3.06
528,Shizuishan,CN,2022-03-28 04:59:33,39.2333,106.7694,60.37,30,28,16.2
529,South Sioux City,US,2022-03-28 04:58:17,42.4739,-96.4136,30.99,49,56,6.96
530,Mehran,IR,2022-03-28 04:59:34,33.1222,46.1646,57.07,35,0,11.77
531,Manokwari,ID,2022-03-28 04:59:34,-0.8667,134.0833,83.64,72,73,9.73
532,Ravar,IR,2022-03-28 04:59:34,31.2656,56.8055,64.74,8,0,3.47
533,Batemans Bay,AU,2022-03-28 04:59:35,-35.7167,150.1833,71.1,87,99,1.99
534,Iquique,CL,2022-03-28 04:56:55,-20.2208,-70.1431,66.69,76,28,1.88
535,Umba,RU,2022-03-28 04:59:35,66.6871,34.3429,11.16,91,65,4.97
536,Alice Town,BS,2022-03-28 04:59:35,25.7167,-79.3,72.91,46,0,6.62
537,Hollins,US,2022-03-28 04:59:36,37.3413,-79.9431,37.6,51,0,5.01
538,Ugoofaaru,MV,2022-03-28 04:59:36,5.6667,73.0,82.6,70,41,6.2
539,Roma,US,2022-03-28 04:59:37,43.2128,-75.4557,19.38,85,100,17.27
540,Auki,SB,2022-03-28 04:59:37,-8.7676,160.7034,80.11,85,100,8.3
541,Esik,KZ,2022-03-28 04:59:38,43.3552,77.4525,44.02,72,4,6.62
542,Pingzhuang,CN,2022-03-28 04:59:38,42.0372,119.2889,58.68,15,8,17.81
543,Talaya,RU,2022-03-28 04:59:39,61.3833,152.75,8.38,81,100,12.12
544,Lorengau,PG,2022-03-28 04:59:39,-2.0226,147.2712,83.57,72,93,8.9
545,Kokopo,PG,2022-03-28 04:59:40,-4.352,152.2633,85.33,67,57,9.98
546,Sistranda,NO,2022-03-28 04:59:40,63.7256,8.834,39.16,85,100,33.67
547,Sofiyivka,UA,2022-03-28 04:59:41,48.0493,33.8746,32.58,43,77,9.71
548,Tabou,CI,2022-03-28 04:59:42,4.423,-7.3528,79.29,89,69,5.57
549,Itainopolis,BR,2022-03-28 04:59:42,-7.4469,-41.4783,73.31,92,92,4.32
550,Zhezkazgan,KZ,2022-03-28 04:59:42,47.8043,67.7144,30.18,86,100,8.95
551,Sibiti,CG,2022-03-28 04:59:43,-3.6819,13.3499,69.57,98,53,1.28
552,Luganville,VU,2022-03-28 04:59:43,-15.5333,167.1667,81.28,84,100,1.12
